a7dd19df-5c3f-4a20-9e53-b10c62269aae,32ab630c-a51f-4e41-a3db-d71c5791ab4a,Паспорт иностранного гражданина,DP0000001
7d9f8781-2890-4871-85b1-979017705de4,9621372a-ad83-43ed-a7a1-1245f40b4670,Паспорт иностранного гражданина,DP0000002
d1575f04-3dfd-4ca9-b686-f20216675b10,3f0e3011-0310-4654-8057-350214576563,Паспорт иностранного гражданина,DP0000003
ef6a0b09-172b-4ddd-81ad-59cc93ee7400,837c7db8-0a72-4d49-b38d-7580531cb160,Паспорт иностранного гражданина,DP0000004
2981c6b3-c800-4ca2-8bbc-b2ba29b017a2,e9a102d3-3f22-4445-95d6-e1c88fae46ea,Паспорт иностранного гражданина,DP0000005
f297d1be-7bc8-47b9-8b39-23bd84cf2133,16f78772-7d5e-4ce7-9eb4-aa7564bac777,Паспорт иностранного гражданина,DP0000006
9fbc7547-b3fe-483f-b742-d88a8e689469,071f8917-3959-4c93-b947-f06b543e4109,Паспорт иностранного гражданина,DP0000007
bb599595-2c1f-4da7-a6d8-4c9f92040b91,20d00914-aeee-401f-aeb5-5e5d71547427,Паспорт иностранного гражданина,DP0000008
20589823-654a-422d-93ce-49c937442e22,917985e5-4771-4f8d-83fd-4392d18da5bd,Паспорт иностранного гражданина,DP0000009
0bb6ac87-3d71-43e5-8555-03bbd4cd93b0,b5cbf713-9e30-4c49-ad12-84b2d2890b47,Паспорт иностранного гражданина,DP0000010
99f5abd4-a789-448e-a6b2-7d53756aad3e,eaf6a7ee-3f7f-4e71-b190-1abe7219d1e2,Паспорт иностранного гражданина,DP0000011
5dcbc355-874d-4630-a521-28576c4f9dbe,9fc5c34e-cabb-43bb-82bd-9d0ed12ccfca,Паспорт иностранного гражданина,DP0000012
96d8487a-0cf3-4b87-816e-c38b3542513c,9e11fd3b-1b4e-4c08-a3c8-49ac84efbd07,Паспорт иностранного гражданина,DP0000013
cc3fd20e-4092-4e53-8112-de5d25577ca8,d5b4b3a8-aa92-4096-891f-76c3b95b7dba,Паспорт иностранного гражданина,DP0000014
144ab34b-3462-458e-a116-42eb35440547,1c1382c1-07ed-4c41-9234-724774ce82d6,Паспорт иностранного гражданина,DP0000015
5ffc74f5-a003-4692-897e-12a05033a38f,d38138a8-71c5-4e52-bcf1-ab9a91f6a5ac,Паспорт иностранного гражданина,DP0000016
fbf456c6-dd4f-4fd1-9960-2c53f2a1210e,34699cf4-6d1d-47e1-a082-5121eab54c22,Паспорт иностранного гражданина,DP0000017
30b5f125-ea95-453c-9207-246e3dccb2e6,d661c3c4-3f26-400c-ad71-546dc8f9e2c4,Паспорт иностранного гражданина,DP0000018
f5550714-dec3-4fbc-830c-a3c74190cf16,6410057c-bb7a-4f9b-8589-638f554f043c,Паспорт иностранного гражданина,DP0000019
17cdb664-0aff-467f-b312-dccbbc5b4792,8f57438b-9dc4-47df-86ad-ece121f3ee8d,Паспорт иностранного гражданина,DP0000020
