32ab630c-a51f-4e41-a3db-d71c5791ab4a,Lipson,Kylynn,Lorie,2000-12-19,Lipson.Kylynn.2000-12-19.underground_storage.com
9621372a-ad83-43ed-a7a1-1245f40b4670,Kristi,Layla,Emma,2001-08-26,Kristi.Layla.2001-08-26.underground_storage.com
3f0e3011-0310-4654-8057-350214576563,Bluh,Oralee,Sharlene,2002-05-17,Bluh.Oralee.2002-05-17.underground_storage.com
837c7db8-0a72-4d49-b38d-7580531cb160,Loeb,Clary,Gisela,1999-09-21,Loeb.Clary.1999-09-21.underground_storage.com
e9a102d3-3f22-4445-95d6-e1c88fae46ea,Yam,Joane,Aigneis,2001-11-19,Yam.Joane.2001-11-19.underground_storage.com
16f78772-7d5e-4ce7-9eb4-aa7564bac777,Reidar,Marinna,Dolli,2002-08-24,Reidar.Marinna.2002-08-24.underground_storage.com
071f8917-3959-4c93-b947-f06b543e4109,Salchunas,Roberta,Janis,2000-05-09,Salchunas.Roberta.2000-05-09.underground_storage.com
20d00914-aeee-401f-aeb5-5e5d71547427,Justinn,Mureil,Reeba,1998-05-11,Justinn.Mureil.1998-05-11.underground_storage.com
917985e5-4771-4f8d-83fd-4392d18da5bd,Rodmann,Jordan,Barbi,2002-12-11,Rodmann.Jordan.2002-12-11.underground_storage.com
b5cbf713-9e30-4c49-ad12-84b2d2890b47,Krystle,Minda,Suzette,1998-06-17,Krystle.Minda.1998-06-17.underground_storage.com
eaf6a7ee-3f7f-4e71-b190-1abe7219d1e2,Durware,Ann-Marie,Addia,1998-05-28,Durware.Ann-Marie.1998-05-28.underground_storage.com
9fc5c34e-cabb-43bb-82bd-9d0ed12ccfca,Dearborn,Brianna,Reeba,2002-02-16,Dearborn.Brianna.2002-02-16.underground_storage.com
9e11fd3b-1b4e-4c08-a3c8-49ac84efbd07,Sholley,Vita,Cordi,2002-08-21,Sholley.Vita.2002-08-21.underground_storage.com
d5b4b3a8-aa92-4096-891f-76c3b95b7dba,Presber,Mireielle,Corene,2000-11-02,Presber.Mireielle.2000-11-02.underground_storage.com
1c1382c1-07ed-4c41-9234-724774ce82d6,Alrich,Wilma,Alyssa,1999-04-06,Alrich.Wilma.1999-04-06.underground_storage.com
d38138a8-71c5-4e52-bcf1-ab9a91f6a5ac,Dermott,Lonnie,Dolli,2000-01-11,Dermott.Lonnie.2000-01-11.underground_storage.com
34699cf4-6d1d-47e1-a082-5121eab54c22,Hortensia,Olivette,Nanete,1999-04-20,Hortensia.Olivette.1999-04-20.underground_storage.com
d661c3c4-3f26-400c-ad71-546dc8f9e2c4,Lowry,Di,Gavrielle,2000-04-02,Lowry.Di.2000-04-02.underground_storage.com
6410057c-bb7a-4f9b-8589-638f554f043c,Madox,Mildrid,Briney,2001-07-11,Madox.Mildrid.2001-07-11.underground_storage.com
8f57438b-9dc4-47df-86ad-ece121f3ee8d,Hashim,Wynne,Kenna,2000-08-16,Hashim.Wynne.2000-08-16.underground_storage.com
408e1d6f-6a5c-40a3-8006-5b2222c45b0e,Bonucci,Ninnetta,Lorenza,2002-07-21,NULL
2a58f7fa-70b7-4d75-9320-93a8908fd18a,Rebecka,Sean,Lolita,2002-07-24,NULL
f60217ac-0f0d-4b5b-a97a-e68d0b423c25,Clarissa,Nelle,Bill,1998-10-25,NULL
74fd67db-145f-4b62-a22b-b6d4f49c51e9,Azeria,Sybille,Jillayne,2002-01-22,NULL
e078fc1b-b5c4-466f-8018-67212890a28b,Krystle,Myriam,Katuscha,2002-11-03,NULL
